date,company,inventory,sales,inventory_months
2022Q1,カチタス,520,310,5.03
2022Q2,カチタス,545,320,5.11
2022Q3,カチタス,570,330,5.18
2022Q4,カチタス,600,345,5.22
2023Q1,カチタス,635,360,5.29
2023Q2,カチタス,680,375,5.44
2022Q1,スター・マイカHD,650,250,7.80
2022Q2,スター・マイカHD,690,260,7.96
2022Q3,スター・マイカHD,720,275,7.85
2022Q4,スター・マイカHD,760,290,7.86
2023Q1,スター・マイカHD,805,300,8.05
2023Q2,スター・マイカHD,860,315,8.19
2022Q1,ムゲンエステート,330,180,5.50
2022Q2,ムゲンエステート,350,190,5.53
2022Q3,ムゲンエステート,380,205,5.56
2022Q4,ムゲンエステート,410,220,5.59
2023Q1,ムゲンエステート,450,235,5.74
2023Q2,ムゲンエステート,490,250,5.88
2022Q1,インテリックスHD,250,160,4.69
2022Q2,インテリックスHD,265,170,4.68
2022Q3,インテリックスHD,280,175,4.80
2022Q4,インテリックスHD,300,185,4.86
2023Q1,インテリックスHD,320,195,4.92
2023Q2,インテリックスHD,345,205,5.05
